[
  {
    "name": "theme_info",
    "theme_name": "Lumière",
    "theme_version": "1.0.0",
    "theme_author": "Claude",
    "theme_documentation_url": "https://help.shopify.com/themes",
    "theme_support_url": "https://support.shopify.com/"
  },
  {
    "name": "Colors",
    "settings": [
      {
        "type": "header",
        "content": "Primary Colors"
      },
      {
        "type": "color",
        "id": "color_primary",
        "label": "Primary color",
        "default": "#8B9E8B",
        "info": "Used for buttons, links, and accents"
      },
      {
        "type": "color",
        "id": "color_primary_light",
        "label": "Primary light",
        "default": "#B8C4B8"
      },
      {
        "type": "color",
        "id": "color_primary_dark",
        "label": "Primary dark",
        "default": "#5C6E5C"
      },
      {
        "type": "header",
        "content": "Secondary Colors"
      },
      {
        "type": "color",
        "id": "color_accent",
        "label": "Accent color",
        "default": "#C4846C",
        "info": "Used for sale badges and highlights"
      },
      {
        "type": "header",
        "content": "Background & Text"
      },
      {
        "type": "color",
        "id": "color_background",
        "label": "Background color",
        "default": "#FAF7F2"
      },
      {
        "type": "color",
        "id": "color_text",
        "label": "Text color",
        "default": "#2D2D2D"
      }
    ]
  },
  {
    "name": "Typography",
    "settings": [
      {
        "type": "header",
        "content": "Headings"
      },
      {
        "type": "font_picker",
        "id": "type_heading_font",
        "label": "Heading font",
        "default": "cormorant_garamond_n4"
      },
      {
        "type": "header",
        "content": "Body"
      },
      {
        "type": "font_picker",
        "id": "type_body_font",
        "label": "Body font",
        "default": "assistant_n4"
      },
      {
        "type": "range",
        "id": "type_body_size",
        "min": 14,
        "max": 18,
        "step": 1,
        "unit": "px",
        "label": "Base font size",
        "default": 16
      }
    ]
  },
  {
    "name": "Favicon",
    "settings": [
      {
        "type": "image_picker",
        "id": "favicon",
        "label": "Favicon image",
        "info": "32x32px recommended"
      }
    ]
  },
  {
    "name": "Social Media",
    "settings": [
      {
        "type": "image_picker",
        "id": "share_image",
        "label": "Default share image",
        "info": "Used when sharing pages on social media"
      },
      {
        "type": "header",
        "content": "Social accounts"
      },
      {
        "type": "text",
        "id": "social_twitter_handle",
        "label": "Twitter handle",
        "info": "Without the @ symbol"
      },
      {
        "type": "url",
        "id": "social_instagram_link",
        "label": "Instagram"
      },
      {
        "type": "url",
        "id": "social_facebook_link",
        "label": "Facebook"
      },
      {
        "type": "url",
        "id": "social_pinterest_link",
        "label": "Pinterest"
      },
      {
        "type": "url",
        "id": "social_tiktok_link",
        "label": "TikTok"
      },
      {
        "type": "url",
        "id": "social_youtube_link",
        "label": "YouTube"
      }
    ]
  },
  {
    "name": "Cart",
    "settings": [
      {
        "type": "select",
        "id": "cart_type",
        "label": "Cart type",
        "options": [
          { "value": "drawer", "label": "Drawer" },
          { "value": "page", "label": "Page" }
        ],
        "default": "drawer"
      },
      {
        "type": "checkbox",
        "id": "cart_show_vendor",
        "label": "Show vendor in cart",
        "default": false
      }
    ]
  },
  {
    "name": "Products",
    "settings": [
      {
        "type": "checkbox",
        "id": "product_show_vendor",
        "label": "Show vendor on product cards",
        "default": true
      },
      {
        "type": "checkbox",
        "id": "product_show_secondary_image",
        "label": "Show secondary image on hover",
        "default": true
      },
      {
        "type": "select",
        "id": "product_badge_style",
        "label": "Badge style",
        "options": [
          { "value": "circle", "label": "Circle" },
          { "value": "pill", "label": "Pill" }
        ],
        "default": "pill"
      }
    ]
  }
]
