{
  "current": {
    "color_primary": "#8B9E8B",
    "color_primary_light": "#B8C4B8",
    "color_primary_dark": "#5C6E5C",
    "color_accent": "#C4846C",
    "color_background": "#FAF7F2",
    "color_text": "#2D2D2D",
    "type_body_size": 16,
    "cart_type": "drawer",
    "cart_show_vendor": false,
    "product_show_vendor": true,
    "product_show_secondary_image": true,
    "product_badge_style": "pill",
    "sections": {
      "announcement-bar": {
        "type": "announcement-bar",
        "settings": {
          "text": "Free shipping on orders over $50 ✨",
          "link_text": "Shop now"
        }
      },
      "header": {
        "type": "header",
        "settings": {
          "logo_width": 120,
          "menu": "main-menu"
        }
      },
      "footer": {
        "type": "footer",
        "settings": {
          "description": "Elevating your daily rituals with premium beauty and wellness essentials.",
          "show_payment_icons": true
        }
      }
    }
  }
}
