{
  "sections": {
    "hero": {
      "type": "hero",
      "settings": {
        "hero_height": 100,
        "background_color": "#FAF7F2",
        "accent_color": "#8B9E8B",
        "tag": "Clean Beauty & Wellness",
        "title": "Elevate Your <em>Natural</em> Beauty",
        "subtitle": "Discover our curated collection of clean, effective skincare and wellness products designed to nurture your body and mind.",
        "button_label": "Shop Skincare",
        "button_link": "",
        "button_label_2": "Explore Wellness",
        "button_link_2": ""
      }
    },
    "collection_list": {
      "type": "collection-list",
      "settings": {
        "background": "cream",
        "tag": "Shop by Category",
        "title": "Explore Our Collections"
      },
      "blocks": {
        "collection_1": {
          "type": "collection",
          "settings": {
            "title": "Cleansers",
            "subtitle": "24 products",
            "icon": "💧",
            "gradient_start": "#E8D5D0",
            "gradient_end": "#C4846C"
          }
        },
        "collection_2": {
          "type": "collection",
          "settings": {
            "title": "Toners",
            "subtitle": "18 products",
            "icon": "🌸",
            "gradient_start": "#D4E5D4",
            "gradient_end": "#8B9E8B"
          }
        },
        "collection_3": {
          "type": "collection",
          "settings": {
            "title": "Serums",
            "subtitle": "32 products",
            "icon": "✨",
            "gradient_start": "#E8E4D0",
            "gradient_end": "#C9A962"
          }
        },
        "collection_4": {
          "type": "collection",
          "settings": {
            "title": "Moisturizers",
            "subtitle": "28 products",
            "icon": "🧴",
            "gradient_start": "#D5E8E8",
            "gradient_end": "#7BA3A3"
          }
        }
      },
      "block_order": ["collection_1", "collection_2", "collection_3", "collection_4"]
    },
    "featured_collection": {
      "type": "featured-collection",
      "settings": {
        "background": "white",
        "tag": "Curated for You",
        "title": "Featured Products",
        "products_to_show": 8,
        "show_vendor": true,
        "show_view_all": true
      }
    },
    "wellness": {
      "type": "wellness",
      "settings": {
        "tag": "Nourish from Within",
        "title": "Wellness Essentials",
        "button_label": "Shop All Wellness",
        "button_link": ""
      },
      "blocks": {
        "wellness_1": {
          "type": "custom",
          "settings": {
            "title": "Magnesium Complex",
            "description": "Premium magnesium for better sleep, muscle recovery, and stress relief.",
            "icon": "💊",
            "price": "$32",
            "unit": "bottle"
          }
        },
        "wellness_2": {
          "type": "custom",
          "settings": {
            "title": "Collagen Peptides",
            "description": "Marine collagen for radiant skin, strong hair, and healthy joints.",
            "icon": "✨",
            "price": "$48",
            "unit": "jar"
          }
        },
        "wellness_3": {
          "type": "custom",
          "settings": {
            "title": "Adaptogen Blend",
            "description": "Ashwagandha & Rhodiola for balanced energy and stress management.",
            "icon": "🌿",
            "price": "$36",
            "unit": "bottle"
          }
        },
        "wellness_4": {
          "type": "custom",
          "settings": {
            "title": "Protein Energy Bites",
            "description": "Plant-based protein snacks for sustained energy throughout the day.",
            "icon": "🍫",
            "price": "$24",
            "unit": "box"
          }
        },
        "wellness_5": {
          "type": "custom",
          "settings": {
            "title": "Superfood Gummies",
            "description": "Delicious gummies packed with vitamins and superfoods.",
            "icon": "🍬",
            "price": "$28",
            "unit": "bottle"
          }
        },
        "wellness_6": {
          "type": "custom",
          "settings": {
            "title": "Nut Butter Variety",
            "description": "Assorted almond, cashew, and hazelnut butters for healthy snacking.",
            "icon": "🥜",
            "price": "$42",
            "unit": "pack"
          }
        }
      },
      "block_order": ["wellness_1", "wellness_2", "wellness_3", "wellness_4", "wellness_5", "wellness_6"]
    },
    "benefits": {
      "type": "benefits",
      "settings": {
        "background": "white"
      },
      "blocks": {
        "benefit_1": {
          "type": "benefit",
          "settings": {
            "icon": "🌿",
            "title": "Clean Ingredients",
            "text": "Carefully sourced and formulated"
          }
        },
        "benefit_2": {
          "type": "benefit",
          "settings": {
            "icon": "🐰",
            "title": "Cruelty Free",
            "text": "Never tested on animals"
          }
        },
        "benefit_3": {
          "type": "benefit",
          "settings": {
            "icon": "♻️",
            "title": "Sustainable",
            "text": "Eco-friendly packaging"
          }
        },
        "benefit_4": {
          "type": "benefit",
          "settings": {
            "icon": "🚚",
            "title": "Free Shipping",
            "text": "On orders over $50"
          }
        }
      },
      "block_order": ["benefit_1", "benefit_2", "benefit_3", "benefit_4"]
    },
    "newsletter": {
      "type": "newsletter",
      "settings": {
        "title": "Join the Lumière Family",
        "text": "Subscribe for exclusive offers, skincare tips, and 15% off your first order.",
        "placeholder": "Enter your email",
        "button_label": "Subscribe"
      }
    }
  },
  "order": [
    "hero",
    "collection_list",
    "featured_collection",
    "wellness",
    "benefits",
    "newsletter"
  ]
}
